--UNIDAD 1 JAZHIEL ARTURO COSSIO LOPEZ


--/////////////////////////////////////////////////////////EJERCICIO 1////////////////////////////////////////////////////////////////////////////////////////////////

create table FABRICANTES
 (CODIGO INTEGER IDENTITY(1,1) PRIMARY KEY,NOMBRE NVARCHAR(100))

INSERT INTO FABRICANTES VALUES('LG')
INSERT INTO FABRICANTES VALUES('SAMSUNG')
INSERT INTO FABRICANTES VALUES('ASUS')
INSERT INTO FABRICANTES VALUES('DELL')
INSERT INTO FABRICANTES VALUES('HP')
INSERT INTO FABRICANTES VALUES('ACER')
INSERT INTO FABRICANTES VALUES('APPLE')
INSERT INTO FABRICANTES VALUES('IBM')
INSERT INTO FABRICANTES VALUES('LENOVO')
INSERT INTO FABRICANTES VALUES('COMPAQ')

create table ARTICULOS
 (CODIGO INTEGER IDENTITY(1,1) PRIMARY KEY,NOMBRE NVARCHAR(100),PRECIO INT,FABRICANTE INT)

INSERT INTO ARTICULOS VALUES('COMPUTADORA',900,1)
INSERT INTO ARTICULOS VALUES('TABLET',400,2)
INSERT INTO ARTICULOS VALUES('MOUSE',40,3)
INSERT INTO ARTICULOS VALUES('TECLADO',100,4)
INSERT INTO ARTICULOS VALUES('USB',30,5)
INSERT INTO ARTICULOS VALUES('WEBCAM',150,6)
INSERT INTO ARTICULOS VALUES('IMPRESORA',170,7)
INSERT INTO ARTICULOS VALUES('DISCO DURO',80,8)
INSERT INTO ARTICULOS VALUES('MEMORIA RAM',290,9)
INSERT INTO ARTICULOS VALUES('MONITOR',500,10)

--A)
SELECT NOMBRE FROM ARTICULOS
 
--B)
SELECT NOMBRE,PRECIO FROM ARTICULOS 
 
--C)
SELECT NOMBRE FROM ARTICULOS WHERE PRECIO<=200
 
 --D)
SELECT * FROM ARTICULOS WHERE PRECIO BETWEEN 60 AND 120

--E)
SELECT NOMBRE,PRECIO FROM ARTICULOS WHERE PRECIO>=180 ORDER BY PRECIO DESC





--/////////////////////////////////////////////////////////EJERCICIO 2////////////////////////////////////////////////////////////////////////////////////////////////



CREATE TABLE EMPLEADOS(
DNI VARCHAR(8) PRIMARY KEY,
NOMBRE NVARCHAR(100) NOT NULL,
APELLIDOS NVARCHAR(255)NOT NULL,
DEPARTAMENTO INT NOT NULL)


-- A) 

INSERT INTO EMPLEADOS VALUES(11111111,'JUAN','PEREZ LOPEZ',20)
INSERT INTO EMPLEADOS VALUES(22222222,'LUIS','SANCHEZ RODRIGUEZ',37)
INSERT INTO EMPLEADOS VALUES(33333333,'LUCIO','VALENZUELA VILLAREAL',10)
INSERT INTO EMPLEADOS VALUES(44444444,'MARIA','PEREZ LOPEZ',77)
INSERT INTO EMPLEADOS VALUES(55555555,'ANDRES','CASTA ROJAS',10)
INSERT INTO EMPLEADOS VALUES(66666666,'KARLA','SANCHEZ SANCHEZ',12)
INSERT INTO EMPLEADOS VALUES(77777777,'SILVIA','CARRANZA OLARTE',37)
INSERT INTO EMPLEADOS VALUES(88888888,'FRANCISCO','VILLEGAS MENDOZA',12)
INSERT INTO EMPLEADOS VALUES(99999999,'MARIO','GARCIA FERNANDEZ',10)
INSERT INTO EMPLEADOS VALUES(00000000,'LETICIA','VILLEGAS MENDOZA',77)

CREATE TABLE DEPARTAMENTOS(
CODIGO INT PRIMARY KEY,
NOMBRE NVARCHAR(100) NOT NULL,
PRESUPUESTO INT NOT NULL)

INSERT INTO DEPARTAMENTOS VALUES (20,'RECURSOS HUMANOS',2000)
INSERT INTO DEPARTAMENTOS VALUES (10,'VENTAS',5000)
INSERT INTO DEPARTAMENTOS VALUES (12,'SOPORTE TECNICO',900)
INSERT INTO DEPARTAMENTOS VALUES (77,'ATENCION AL CLIENTE',1500)
INSERT INTO DEPARTAMENTOS VALUES (37,'GERENCIA',9000)


--B)
SELECT DISTINCT APELLIDOS FROM EMPLEADOS 

--C)
SELECT * FROM EMPLEADOS WHERE NOMBRE LIKE 'L%'

--D)
SELECT * FROM EMPLEADOS WHERE (DEPARTAMENTO IN (37)) OR DEPARTAMENTO=77

--E)
 UPDATE DEPARTAMENTOS SET PRESUPUESTO = (PRESUPUESTO*0.9) 
--3
 select DEPARTAMENTO,COUNT(DEPARTAMENTO) AS EMPLEADOS_EN_EL_DEPARTAMENTO from EMPLEADOS group by(DEPARTAMENTO)
 SELECT SUM(PRESUPUESTO) AS PRESUPUESTO_TOTAL FROM DEPARTAMENTOS